{
  "game-duration": 15,

  "locations": {
	"hub": "0;64;0;0;0",
	"player-spawns": [
	  "0;64;0;0;0",
	  "0;64;0;0;0"
	],
	"powerup-spawns": [
	  "2;64;0",
	  "0;64;2"
	],
	"tutorial-points-of-views": [
	  "0;64;0",
	  "0;64;0",
	  "0;64;0",
	  "0;64;0"
	],
	"teleportation-portals-destinations": [
	  "0;70;0"
	],
	"bottom-altitude": {
	  "waiting-lobby": 0,
	  "in-game": 0
	}
  },

  "times-of-day": {
	"waiting-lobby": 6000,
	"in-game": 6000
  },

  "permanent-night-vision": false,
  "mario-portal-teleportation-sound": true,

  "toxicities": {
	"water": false,
	"lava": false
  }
}
