{
  "waiting-lobby": "world, 0, 90, 0, 0, 0",
  "spectators-spawn": "world, 1, 80, 1, 0, 0",
  "spawn-locations": [
    "world, -23, 70, -23, 0, 0",
    "world, -23, 70, 25, 0, 0",
    "world, 25, 70, -23, 0, 0",
    "world, 25, 70, 25, 0, 0",
    "world, -18, 70, 1, 0, 0",
    "world, 1, 70, 1, 0, 0",
    "world, 20, 70, 1, 0, 0",
    "world, 1, 70, 20, 0, 0",
    "world, 1, 70, -18, 0, 0"
  ],
  "booster-chance": {
    "speed": 7,
    "slowness": 3,
    "auto-place": 1,
    "random-fuse": 6,
    "hyper-bomb": 7,
    "super-bomb": 5,
    "self-invulnerability": 4,
    "explosion-kill": 3,
    "bomb-activator": 3,
    "destructor": 1,
    "bomb-protection": 2,
    "blindness": 1,
    "swap": 1,
    "nausea": 1,
    "wall-builder": 1,
    "fire": 1,
    "fireworks": 1,
    "invulnerability": 1,
    "freezer": 2,
    "endermite-spawn": 1,
    "invisibility": 3,
    "cat": 1,
    "multiple-bomb": 1,
    "wall_invisibility": 1
  },
  "players": {
    "max-health": 3,
    "start-health": 1
  },
  "higher-loc": "world, 27, 71, 27, 0, 0",
  "smaller-loc": "world, -25, 71, -25, 0, 0",
  "timer": 8
}
