{
  "waiting-lobby": "world, 86, 109, 11, 0, 0",
  "map-center": "world, 0, 62, 5, 0, 0",
  "powerup-frequency": 230,
  "powerup-chance": {
    "swap": 5,
    "blindness": 9,
    "speed": 10,
    "jump-boost": -1,
    "double-gommes": 8,
    "gommes-magnet": 10
  },
  "map-init": {
    "radius": "100, 20, 100",
    "gomme-block": "GOLD_BLOCK",
    "powerup-block": "DIAMOND_BLOCK"
  },
  "portals": [
    {
      "name": "portal0",
      "location": "world, 25, 63, 5, 90, 0",
      "linkedPortals": [
        "portal1"
      ]
    },
    {
      "name": "portal1",
      "location": "world, -21, 63, 5, -90, 0",
      "linkedPortals": [
        "portal0"
      ]
    }
  ],
  "spawn-points": [
    "world, -18, 65, 5, -90, 0",
    "world, 0, 65, 4, 0, 0",
    "world, 23, 65, 5, 90, 0",
    "world, 4, 65, 27, 180, 0",
    "world, -3, 65, -15, 0, 0"
  ],
  "timer": 5
}
